Completion ID,"Question 3","Question 4","Question 4.1","Question 5","Question 6","Question 7","Question 8","Question 9","Question 10",,"Question 11","Question 12","Question 13","Question 14","Question 15",,"Question 16","Question 17","Question 18","Question 19","Question 20","Question 21",Risk
828081710,Yes,Yes,Yes,Yes,Yes,Yes,No,No,No,No,No,No,No,No,Yes,No,No,No,No,No,3
828065997,Yes,Yes,Yes,Yes,Yes,Yes,No,No,No,No,No,No,No,Yes,No,No,No,No,No,Yes,3
828164560,Yes,No,,Yes,Yes,Yes,No,No,No,No,No,No,No,Yes,Yes,No,No,No,No,Yes,2
828506968,Yes,No,,Yes,Yes,Yes,No,No,No,No,No,No,No,Yes,No,No,No,Yes,Yes,Yes,3
828249692,Yes,Yes,Yes,Yes,Yes,Yes,No,No,No,No,No,No,No,No,Yes,No,No,No,No,No,2
828516533,Yes,Yes,Yes,Yes,Yes,Yes,Yes,Yes,Yes,Yes,Yes,Yes,Yes,Yes,Yes,Yes,Yes,Yes,Yes,Yes,2
828261521,Yes,Yes,Yes,Yes,Yes,Yes,No,No,No,No,No,No,No,Yes,No,No,No,Yes,No,No,3
828333505,Yes,Yes,Yes,Yes,Yes,Yes,No,No,No,No,No,No,No,Yes,No,Yes,Yes,No,No,No,2
828391324,Yes,No,,Yes,Yes,Yes,No,No,No,No,No,No,No,No,Yes,No,No,No,No,No,2
828419371,Yes,No,,Yes,Yes,Yes,No,No,No,No,No,No,No,Yes,No,No,No,No,No,Yes,3
828225135,Yes,Yes,Yes,Yes,Yes,Yes,No,No,No,No,No,No,No,Yes,No,No,No,No,No,No,2
828037469,Yes,Yes,No,No,No,Yes,No,No,No,No,No,No,No,No,No,No,No,Yes,No,No,2
828243422,Yes,No,,Yes,Yes,Yes,No,Yes,No,No,No,No,No,No,No,No,No,No,No,No,3
828358597,Yes,Yes,Yes,Yes,Yes,Yes,No,No,No,No,No,No,No,Yes,Yes,No,No,No,Yes,No,3
828099244,Yes,Yes,Yes,Yes,Yes,Yes,No,No,No,No,No,No,No,Yes,No,No,No,No,No,No,2
828463173,Yes,Yes,Yes,Yes,Yes,Yes,No,No,No,No,No,No,No,Yes,No,No,Yes,Yes,Yes,Yes,3
828065226,Yes,Yes,Yes,Yes,Yes,Yes,No,No,No,No,No,No,No,Yes,No,No,No,No,No,No,3
828113732,Yes,Yes,Yes,Yes,Yes,Yes,No,No,No,No,No,No,No,No,Yes,No,No,No,No,No,3
828237393,Yes,Yes,Yes,Yes,Yes,Yes,No,No,No,No,No,No,No,Yes,No,No,No,No,No,No,3
828116880,Yes,Yes,No,Yes,Yes,Yes,No,No,No,No,No,No,No,No,No,No,No,No,No,No,2
828551286,Yes,No,,Yes,Yes,No,Yes,No,No,No,No,No,No,No,No,No,No,No,Yes,Yes,2
828259305,Yes,No,,No,Yes,Yes,No,No,No,No,No,No,No,No,No,No,No,No,No,No,3
828139310,Yes,Yes,Yes,Yes,Yes,Yes,No,No,No,No,No,No,No,Yes,No,No,No,Yes,No,No,3
828194217,Yes,Yes,Yes,Yes,Yes,Yes,No,No,No,No,No,No,No,Yes,No,No,No,No,No,No,3
828228686,Yes,Yes,Yes,Yes,Yes,Yes,No,No,No,No,No,No,No,Yes,No,No,No,No,No,No,2
828248826,No,No,,Yes,Yes,Yes,No,No,No,No,No,No,No,No,No,No,No,No,No,No,2
828286472,Yes,No,,Yes,Yes,Yes,No,No,No,No,No,No,No,Yes,No,No,No,No,No,Yes,3
828041069,Yes,Yes,Yes,Yes,Yes,Yes,No,No,No,No,No,No,No,Yes,No,No,No,No,No,No,2
828113596,Yes,No,,Yes,Yes,Yes,No,Yes,No,No,No,No,No,No,No,No,Yes,Yes,No,Yes,2
828265747,Yes,Yes,Yes,Yes,Yes,Yes,No,No,No,No,No,No,No,Yes,No,No,No,No,No,No,2
828503649,Yes,No,,Yes,Yes,Yes,No,No,No,No,No,No,No,Yes,No,No,No,No,No,No,3
828327040,Yes,Yes,Yes,Yes,Yes,Yes,No,No,No,No,No,No,No,Yes,Yes,No,No,Yes,Yes,No,3
828045907,Yes,Yes,Yes,Yes,Yes,Yes,No,No,No,No,No,No,No,Yes,No,No,No,No,No,No,3
828240891,Yes,Yes,Yes,Yes,Yes,Yes,No,No,No,No,No,No,No,Yes,No,No,No,No,No,No,3
828504419,Yes,Yes,Yes,Yes,Yes,Yes,No,No,No,No,No,No,No,Yes,No,No,No,Yes,Yes,Yes,3
828268931,Yes,Yes,Yes,Yes,Yes,Yes,No,No,No,No,No,No,No,Yes,No,No,No,No,No,Yes,3
828401758,Yes,Yes,No,No,No,Yes,No,No,No,No,No,No,No,No,No,No,No,No,No,No,2
828373683,Yes,Yes,Yes,Yes,Yes,Yes,No,No,No,No,No,No,No,Yes,No,No,No,No,No,No,2
828553519,Yes,Yes,Yes,Yes,Yes,Yes,No,No,No,No,No,No,No,Yes,No,No,No,No,No,No,3
828567228,Yes,Yes,Yes,Yes,Yes,Yes,No,No,No,No,No,No,No,Yes,No,No,No,No,No,No,2
828414418,Yes,Yes,Yes,Yes,Yes,Yes,No,No,No,No,No,No,Yes,No,No,No,No,No,No,Yes,2
828411405,Yes,Yes,Yes,Yes,Yes,Yes,No,No,No,No,No,No,No,Yes,No,No,No,No,No,No,2
828184203,Yes,Yes,Yes,Yes,Yes,Yes,No,No,No,No,No,No,No,Yes,No,No,No,No,No,No,2
828166209,Yes,Yes,Yes,Yes,Yes,Yes,No,No,No,No,No,No,No,Yes,No,No,No,No,No,No,3
828133505,Yes,No,,Yes,Yes,Yes,No,No,No,No,No,No,No,Yes,No,No,No,No,No,Yes,2
828441493,Yes,No,,Yes,Yes,Yes,No,Yes,No,No,No,No,No,No,No,No,No,Yes,Yes,Yes,2
828410224,Yes,Yes,Yes,Yes,Yes,Yes,No,No,No,No,No,No,No,Yes,No,No,No,No,No,No,3
828280598,Yes,Yes,Yes,Yes,Yes,Yes,No,No,No,No,No,No,No,Yes,No,No,No,No,No,No,2
828228320,Yes,Yes,Yes,Yes,Yes,Yes,No,No,No,No,No,No,No,Yes,No,No,No,No,No,No,3
828151066,Yes,No,,Yes,Yes,Yes,No,Yes,No,No,No,No,No,No,No,No,No,No,No,Yes,2
828061257,Yes,Yes,Yes,Yes,Yes,Yes,No,No,No,No,No,No,No,Yes,No,No,No,No,No,Yes,2
828281616,Yes,Yes,Yes,Yes,Yes,Yes,No,No,Yes,No,No,No,No,No,No,No,No,No,No,No,2
828046862,Yes,No,,Yes,Yes,Yes,No,No,No,No,No,No,Yes,Yes,No,No,No,No,No,No,2
828504164,Yes,Yes,Yes,Yes,Yes,Yes,No,No,No,No,No,No,No,No,No,Yes,Yes,Yes,Yes,Yes,2
828398954,Yes,No,,Yes,Yes,Yes,No,No,No,No,No,No,No,Yes,No,No,No,No,No,No,2
828282361,Yes,No,,Yes,Yes,Yes,No,No,No,No,No,No,No,No,No,Yes,Yes,Yes,No,No,3
828399174,Yes,No,,Yes,Yes,Yes,No,No,Yes,No,No,No,No,Yes,No,No,No,Yes,No,Yes,2
828472920,Yes,No,,Yes,Yes,Yes,No,Yes,No,No,No,No,No,No,No,No,No,Yes,No,Yes,3
828212633,Yes,Yes,Yes,Yes,Yes,Yes,No,No,No,No,No,No,No,Yes,No,No,No,No,No,No,2
828122804,Yes,No,,Yes,Yes,Yes,No,No,No,No,No,No,No,Yes,No,No,No,No,No,No,2
828234391,Yes,Yes,Yes,Yes,Yes,Yes,No,No,No,No,No,No,No,Yes,No,No,No,Yes,Yes,Yes,3
828588178,Yes,Yes,Yes,Yes,Yes,Yes,No,No,No,No,No,No,No,Yes,No,No,No,No,No,No,3
828225195,Yes,Yes,Yes,Yes,Yes,Yes,No,No,No,No,No,No,No,Yes,No,No,Yes,No,No,No,2
828110604,Yes,No,,Yes,Yes,Yes,No,No,No,No,No,No,No,Yes,No,No,No,Yes,No,Yes,2
828272778,Yes,Yes,Yes,Yes,Yes,Yes,No,No,No,No,No,No,No,Yes,No,No,No,No,No,No,3
828304912,Yes,Yes,Yes,Yes,Yes,Yes,No,No,No,No,No,No,No,Yes,No,No,No,No,No,No,2
828061391,Yes,Yes,Yes,Yes,Yes,Yes,No,No,No,No,No,No,No,No,No,No,No,Yes,No,Yes,2
828081168,Yes,Yes,Yes,Yes,Yes,Yes,No,No,No,No,No,No,No,No,Yes,No,No,Yes,No,Yes,2
828059974,Yes,Yes,Yes,Yes,Yes,Yes,No,No,No,No,No,No,No,Yes,No,No,No,No,No,No,3
828377385,Yes,No,,Yes,Yes,Yes,No,No,No,No,No,No,No,No,No,Yes,No,No,No,No,2
828354389,Yes,Yes,Yes,Yes,Yes,Yes,No,No,No,No,No,No,No,Yes,No,No,No,No,No,No,3
828412674,Yes,Yes,Yes,Yes,Yes,Yes,No,No,No,No,No,No,No,Yes,No,Yes,No,Yes,No,Yes,3
828109249,Yes,No,,Yes,Yes,Yes,No,No,No,No,No,No,No,No,Yes,No,No,Yes,No,Yes,3
828509853,Yes,Yes,Yes,Yes,Yes,Yes,No,No,Yes,No,No,No,No,No,No,No,No,No,No,No,2
828243337,Yes,No,,Yes,Yes,Yes,No,No,No,No,No,No,No,No,No,Yes,No,No,No,No,2
828118627,Yes,No,,Yes,Yes,Yes,No,No,No,No,No,No,No,No,No,Yes,Yes,No,No,No,2
828278890,Yes,No,,Yes,Yes,Yes,No,No,No,No,No,No,No,No,Yes,No,No,No,No,Yes,2
828145813,Yes,No,,Yes,Yes,Yes,No,No,No,No,No,No,No,Yes,No,No,No,No,No,No,2
828531467,Yes,No,,Yes,Yes,Yes,No,No,No,No,No,No,No,Yes,No,No,No,No,No,Yes,4
828374176,Yes,Yes,No,Yes,Yes,Yes,No,No,No,No,No,No,No,No,No,No,Yes,Yes,No,Yes,2
828517958,Yes,Yes,Yes,Yes,Yes,Yes,No,No,No,No,No,No,No,No,No,Yes,No,Yes,Yes,Yes,2
828148037,Yes,No,,Yes,Yes,Yes,No,No,No,No,No,No,No,No,Yes,No,No,No,No,No,3
828358717,Yes,No,,Yes,Yes,Yes,No,No,No,No,No,No,No,Yes,No,No,No,No,No,Yes,3
828212768,Yes,Yes,Yes,Yes,Yes,Yes,No,No,No,No,No,No,No,Yes,No,No,No,No,No,No,2
828459340,Yes,Yes,Yes,Yes,Yes,Yes,No,No,No,No,No,No,No,Yes,No,No,No,No,No,No,3
828321683,Yes,Yes,Yes,Yes,Yes,Yes,No,No,No,No,No,No,No,Yes,No,No,No,Yes,No,No,3
828120274,No,No,,No,No,Yes,No,No,No,No,No,No,No,No,No,No,No,No,No,No,2
828239706,Yes,No,,Yes,Yes,Yes,No,No,No,No,No,No,No,Yes,No,No,No,Yes,No,Yes,2
828400991,Yes,No,,No,No,Yes,No,No,No,No,No,No,No,No,No,No,No,No,No,No,2
828476748,Yes,No,,Yes,Yes,Yes,No,No,No,No,No,No,No,Yes,No,No,Yes,Yes,Yes,Yes,3
828457231,Yes,Yes,Yes,Yes,Yes,Yes,No,No,No,No,No,No,No,Yes,No,No,No,Yes,Yes,No,2
828267512,Yes,Yes,Yes,Yes,Yes,Yes,No,No,No,No,No,No,No,Yes,No,No,No,No,No,No,2
828543467,Yes,No,,Yes,Yes,Yes,No,No,No,No,No,No,No,Yes,No,No,No,No,No,Yes,2
828085042,Yes,Yes,Yes,Yes,Yes,Yes,No,No,No,No,No,No,No,No,Yes,No,No,No,No,Yes,2
828372676,Yes,No,,Yes,Yes,Yes,Yes,No,No,No,No,No,No,No,No,No,No,No,No,No,2
828519336,Yes,Yes,Yes,Yes,Yes,Yes,No,No,No,No,No,No,No,Yes,No,No,No,No,No,No,3
828274389,Yes,Yes,Yes,Yes,No,Yes,No,No,No,No,No,No,No,No,No,No,No,No,No,No,2
828491158,Yes,Yes,Yes,Yes,Yes,Yes,No,No,No,No,No,No,No,Yes,No,Yes,No,No,No,Yes,2
828659689,Yes,Yes,Yes,Yes,Yes,Yes,No,No,No,No,No,No,No,Yes,No,Yes,No,No,No,Yes,2
828226227,Yes,No,,Yes,Yes,Yes,No,No,No,No,No,No,No,Yes,No,No,No,No,No,Yes,3
828078845,Yes,Yes,Yes,Yes,Yes,Yes,No,No,No,No,No,No,No,Yes,No,No,No,No,No,No,3
828352280,Yes,No,,Yes,Yes,Yes,No,No,No,No,No,No,No,Yes,No,No,Yes,No,No,Yes,3
828240620,No,Yes,No,No,Yes,Yes,No,No,No,No,No,No,No,No,No,No,No,No,No,No,2
830330356,Yes,No,,Yes,No,Yes,No,No,No,No,No,No,No,No,No,No,No,Yes,Yes,No,3
828339422,Yes,No,,Yes,Yes,Yes,No,No,No,No,No,No,No,Yes,No,No,No,Yes,No,Yes,3
828351970,Yes,No,,Yes,Yes,Yes,No,No,No,No,No,No,No,Yes,No,No,No,No,No,No,2
828332271,Yes,Yes,Yes,Yes,Yes,Yes,No,No,No,No,No,No,No,Yes,No,No,No,No,No,No,2
828124432,Yes,No,,Yes,Yes,Yes,No,No,No,No,No,No,No,Yes,No,No,No,No,No,No,3
828213515,Yes,No,,Yes,Yes,Yes,No,No,No,No,No,No,No,Yes,No,No,No,No,No,Yes,3
828599443,Yes,No,,Yes,Yes,Yes,No,No,No,No,No,No,No,No,No,Yes,Yes,Yes,No,Yes,3
828525718,Yes,No,,Yes,Yes,Yes,No,No,No,No,No,No,No,Yes,No,No,No,No,No,No,2
828222091,Yes,Yes,Yes,Yes,Yes,Yes,No,No,No,No,No,No,No,No,No,Yes,No,No,No,No,3
828189342,Yes,Yes,Yes,Yes,Yes,Yes,No,No,No,No,No,No,No,Yes,No,No,No,No,No,Yes,2
828382459,Yes,Yes,Yes,Yes,Yes,Yes,No,No,No,No,No,No,No,Yes,No,No,No,No,No,No,3
828258940,Yes,No,,Yes,Yes,Yes,No,No,No,No,No,No,No,Yes,No,No,No,No,No,No,3
828161053,Yes,Yes,Yes,Yes,Yes,Yes,No,No,No,No,No,No,No,Yes,No,No,No,No,No,Yes,2
828238244,Yes,Yes,Yes,Yes,Yes,Yes,No,No,No,No,No,No,No,Yes,Yes,No,No,No,No,No,3
828472650,Yes,Yes,Yes,Yes,No,Yes,No,No,No,No,No,No,No,No,No,No,No,No,No,No,2
828068090,Yes,Yes,Yes,Yes,Yes,Yes,No,No,No,No,No,No,No,Yes,No,No,No,Yes,Yes,No,3
828133029,Yes,No,,Yes,Yes,Yes,No,No,No,No,No,No,No,Yes,No,No,No,No,No,No,2
828588127,Yes,Yes,Yes,Yes,Yes,Yes,No,No,No,No,No,No,No,Yes,No,Yes,No,Yes,No,No,3
828242142,Yes,No,,Yes,Yes,Yes,No,No,No,No,No,No,No,Yes,No,No,No,No,No,No,3
828062216,Yes,Yes,Yes,Yes,Yes,Yes,No,No,No,No,No,No,No,Yes,No,No,No,Yes,No,Yes,2
828090684,Yes,No,,No,Yes,Yes,No,No,No,No,No,No,No,No,No,No,No,No,No,No,2
828155909,Yes,No,,Yes,Yes,Yes,No,No,No,No,No,No,No,Yes,No,No,No,Yes,Yes,No,2
828094023,Yes,Yes,Yes,Yes,Yes,Yes,No,No,No,No,No,No,No,Yes,No,No,No,No,No,No,3
828192930,Yes,No,,Yes,Yes,Yes,No,No,No,No,No,No,No,Yes,No,No,No,No,No,No,2
828415355,Yes,No,,Yes,Yes,Yes,No,Yes,No,No,No,No,No,No,No,No,Yes,No,No,Yes,3
828040911,Yes,Yes,Yes,Yes,Yes,Yes,No,No,No,No,No,No,No,Yes,No,No,No,No,No,No,2
828043316,Yes,Yes,Yes,Yes,Yes,Yes,No,No,No,No,No,No,No,Yes,No,No,No,No,No,No,2
828460684,Yes,No,,No,Yes,Yes,No,No,No,No,No,No,No,No,No,No,Yes,Yes,Yes,No,2
828234412,Yes,No,,Yes,Yes,Yes,No,Yes,No,No,No,No,No,No,No,No,No,No,No,No,2
828441714,Yes,Yes,Yes,Yes,Yes,Yes,No,No,No,No,No,No,No,Yes,No,No,Yes,Yes,No,Yes,3
828235233,Yes,Yes,Yes,Yes,Yes,Yes,No,No,No,No,No,No,No,Yes,No,No,No,No,No,Yes,3
828045558,Yes,Yes,Yes,Yes,Yes,Yes,No,No,No,No,No,No,No,Yes,No,Yes,No,No,No,No,2
828067043,Yes,Yes,Yes,Yes,Yes,Yes,No,No,No,No,No,No,No,Yes,No,No,No,Yes,Yes,No,3
828078772,Yes,Yes,Yes,Yes,Yes,Yes,No,No,No,No,No,No,No,No,Yes,No,No,No,No,No,3
828290214,Yes,No,,Yes,Yes,Yes,No,No,No,No,No,No,No,Yes,No,No,No,No,No,No,2
828493197,Yes,Yes,Yes,Yes,Yes,Yes,No,No,No,No,No,No,No,Yes,No,No,No,No,No,No,3
828565944,Yes,Yes,Yes,Yes,Yes,Yes,No,No,No,No,No,No,No,Yes,Yes,No,Yes,No,No,Yes,3
828237150,Yes,Yes,Yes,Yes,Yes,Yes,No,No,No,No,No,No,No,Yes,No,No,No,No,No,No,2
828080405,Yes,No,,Yes,Yes,Yes,No,No,No,No,No,No,No,Yes,No,No,No,Yes,No,No,3
828388946,Yes,Yes,Yes,Yes,Yes,Yes,No,No,No,No,No,No,No,Yes,No,No,No,Yes,Yes,No,3
828372487,Yes,No,,Yes,Yes,Yes,No,No,No,Yes,No,No,No,No,No,No,Yes,Yes,No,Yes,2
828373048,Yes,No,,Yes,Yes,Yes,No,No,No,No,No,No,No,No,No,Yes,No,No,No,No,3
828236638,Yes,Yes,Yes,Yes,Yes,Yes,No,No,No,No,No,No,No,Yes,No,No,No,No,No,Yes,3
828135677,Yes,Yes,Yes,Yes,Yes,Yes,No,No,No,No,No,No,No,Yes,No,Yes,Yes,No,No,No,2
828274441,Yes,Yes,Yes,Yes,Yes,Yes,No,No,No,No,No,No,No,Yes,Yes,Yes,No,Yes,No,Yes,2
828330276,Yes,Yes,Yes,Yes,Yes,Yes,No,No,No,No,No,No,No,Yes,No,No,No,No,No,No,2
828137827,Yes,Yes,Yes,Yes,Yes,Yes,No,No,No,No,No,No,No,No,Yes,No,No,No,No,No,2
828032818,Yes,Yes,Yes,Yes,Yes,Yes,No,No,No,No,No,No,No,Yes,No,No,Yes,No,No,No,2
828441293,No,Yes,No,No,No,Yes,No,No,No,No,No,No,No,No,No,No,No,No,No,No,3
828043761,Yes,Yes,Yes,Yes,Yes,Yes,No,No,No,No,No,No,No,Yes,No,No,No,No,No,No,2
828229903,Yes,Yes,Yes,Yes,Yes,Yes,No,No,No,No,No,No,No,Yes,No,No,No,No,No,Yes,3
828443342,Yes,Yes,Yes,Yes,Yes,Yes,No,No,No,No,No,No,No,Yes,No,No,No,No,No,Yes,2
828095429,Yes,Yes,Yes,Yes,Yes,Yes,No,No,No,No,No,No,No,Yes,No,No,No,No,No,No,2
828368866,Yes,No,,No,Yes,Yes,No,No,No,No,No,No,No,No,No,No,No,No,No,No,2
828196777,Yes,Yes,Yes,Yes,Yes,Yes,No,No,No,No,No,No,No,Yes,No,No,No,No,No,Yes,2
828196911,Yes,No,,No,Yes,Yes,No,No,No,No,No,No,No,No,No,No,No,No,No,No,2
828516940,Yes,Yes,Yes,Yes,Yes,Yes,No,No,No,No,No,No,No,Yes,No,Yes,No,No,No,No,2
828388380,Yes,No,,Yes,Yes,Yes,No,No,No,No,No,No,No,Yes,No,No,No,Yes,Yes,Yes,3
828117012,Yes,Yes,Yes,Yes,Yes,Yes,No,No,No,No,No,No,No,Yes,No,No,No,No,No,No,3
828373713,Yes,Yes,Yes,Yes,Yes,Yes,No,No,No,No,No,No,No,Yes,No,No,No,No,No,No,2
828454596,Yes,No,,Yes,Yes,Yes,No,Yes,No,No,No,No,No,No,No,No,No,No,No,No,2
828577067,Yes,No,,Yes,Yes,Yes,No,No,No,Yes,No,No,No,No,No,No,No,No,No,Yes,3
828125335,Yes,Yes,Yes,Yes,Yes,Yes,No,No,No,No,No,No,No,Yes,No,Yes,Yes,No,No,No,3
828110076,Yes,Yes,Yes,Yes,Yes,Yes,No,No,No,No,No,No,No,Yes,No,No,Yes,Yes,Yes,Yes,3
828036889,Yes,No,,Yes,Yes,Yes,No,No,No,No,No,No,No,No,Yes,No,No,No,No,No,2
828494797,Yes,No,,Yes,Yes,Yes,No,No,No,No,No,No,No,Yes,No,No,No,No,No,Yes,3
828401832,Yes,Yes,Yes,Yes,Yes,Yes,No,No,No,No,No,No,No,Yes,No,No,No,No,No,No,3
828445707,Yes,No,,Yes,Yes,Yes,No,Yes,No,No,No,No,No,No,No,No,No,No,No,No,2
828530285,Yes,No,,Yes,Yes,Yes,No,No,No,No,No,No,No,Yes,No,No,No,No,No,Yes,2
828104931,Yes,No,,Yes,Yes,Yes,No,No,No,No,No,No,No,No,No,Yes,Yes,No,No,Yes,2
828060124,Yes,No,,Yes,Yes,Yes,No,No,No,No,No,No,Yes,No,No,No,No,No,No,No,2
828094985,Yes,No,,Yes,Yes,Yes,No,No,No,No,Yes,No,No,No,No,No,No,No,No,No,2
828160897,Yes,Yes,Yes,Yes,Yes,Yes,No,No,No,No,No,No,No,Yes,No,No,No,Yes,No,Yes,3
828122387,Yes,Yes,Yes,Yes,Yes,Yes,No,No,No,No,No,No,No,Yes,No,No,No,No,No,No,3
828419443,Yes,No,,Yes,Yes,Yes,No,Yes,No,No,No,No,No,No,No,No,No,Yes,Yes,Yes,3
828141867,Yes,No,,Yes,Yes,Yes,No,No,No,No,No,No,No,Yes,No,No,No,No,No,No,2
828218513,Yes,No,,Yes,Yes,Yes,No,Yes,No,No,No,No,No,No,No,No,No,No,No,No,3
828059963,Yes,Yes,Yes,Yes,Yes,Yes,No,No,No,No,No,No,No,Yes,No,No,No,Yes,No,No,3
828437726,Yes,Yes,Yes,Yes,Yes,Yes,No,No,No,No,No,No,No,Yes,No,No,No,No,No,Yes,2
828440716,Yes,Yes,Yes,Yes,Yes,Yes,No,No,No,No,No,No,No,Yes,No,No,No,No,No,No,2
828445169,Yes,Yes,Yes,Yes,Yes,Yes,No,No,No,No,No,No,No,Yes,No,Yes,Yes,No,No,Yes,2
828128393,Yes,Yes,Yes,Yes,Yes,Yes,No,No,No,No,No,No,No,No,Yes,No,No,No,No,No,3
828150217,Yes,Yes,Yes,Yes,Yes,Yes,No,No,No,No,No,No,No,No,No,Yes,Yes,Yes,Yes,Yes,3
828330509,Yes,No,,Yes,Yes,Yes,Yes,No,No,No,No,No,No,No,No,No,No,No,No,No,2
828263770,Yes,Yes,Yes,Yes,Yes,Yes,No,No,No,No,No,No,No,Yes,No,No,No,No,No,No,3
828564670,Yes,Yes,Yes,Yes,Yes,Yes,No,No,Yes,Yes,No,No,No,No,No,No,No,Yes,Yes,Yes,3
828488811,Yes,No,,Yes,Yes,Yes,No,No,No,No,No,No,No,Yes,No,No,No,No,No,No,2
828064185,Yes,No,,Yes,Yes,Yes,No,No,No,No,No,No,No,No,Yes,No,No,Yes,No,No,4
828136227,Yes,No,,Yes,Yes,Yes,No,No,No,No,No,No,No,Yes,No,No,No,Yes,No,Yes,2
828051519,Yes,Yes,Yes,Yes,Yes,Yes,No,No,No,No,No,No,No,Yes,Yes,No,No,No,No,No,3
828549542,Yes,Yes,Yes,Yes,Yes,Yes,No,No,No,No,No,No,No,Yes,No,No,No,No,No,No,3
828058111,Yes,No,,Yes,Yes,Yes,No,No,No,No,No,No,No,Yes,No,No,No,No,No,No,2
828357952,Yes,Yes,Yes,Yes,Yes,Yes,No,No,No,No,No,No,No,Yes,No,No,No,No,No,No,2
828274050,Yes,No,,No,No,Yes,No,No,No,No,No,No,No,No,No,No,No,No,No,No,2
828083645,Yes,Yes,Yes,Yes,Yes,Yes,No,No,No,No,No,No,No,Yes,No,No,No,No,No,Yes,3
828475921,Yes,Yes,Yes,Yes,Yes,Yes,No,No,No,No,No,No,No,Yes,No,No,No,No,No,No,2
828381338,Yes,Yes,Yes,Yes,Yes,Yes,No,No,No,No,No,No,No,Yes,No,No,No,No,No,No,3
828122814,Yes,No,,Yes,Yes,Yes,No,No,No,No,No,No,No,Yes,No,No,No,No,No,Yes,3
828128740,Yes,Yes,Yes,Yes,Yes,Yes,No,No,No,No,No,No,No,Yes,No,No,No,No,No,No,3
828192546,Yes,Yes,Yes,Yes,Yes,Yes,No,No,No,No,No,No,No,Yes,No,No,No,No,No,Yes,3
828462071,Yes,Yes,Yes,Yes,Yes,Yes,No,No,No,No,No,No,No,Yes,No,No,No,No,No,No,3
828273194,Yes,Yes,No,No,No,Yes,No,No,No,No,No,No,No,No,No,No,No,No,No,No,2
828270221,Yes,Yes,Yes,Yes,Yes,Yes,No,No,No,No,No,No,No,Yes,No,No,No,No,No,No,3
830223287,Yes,No,,Yes,Yes,Yes,No,No,No,No,No,No,No,No,No,Yes,Yes,Yes,Yes,No,3
828404780,Yes,Yes,,Yes,Yes,Yes,Yes,No,No,No,No,No,No,No,No,No,No,No,No,No,2
828285692,Yes,Yes,Yes,Yes,Yes,Yes,No,No,No,No,No,No,No,Yes,No,No,No,No,No,No,2
828182898,Yes,No,,Yes,Yes,Yes,No,No,No,No,No,No,No,No,Yes,Yes,No,No,No,No,3
828325066,Yes,No,,No,Yes,Yes,No,Yes,No,No,No,No,No,No,No,No,No,No,Yes,Yes,2
828100955,Yes,Yes,Yes,Yes,Yes,Yes,No,No,No,No,No,No,No,Yes,No,No,No,No,No,No,3
828241258,Yes,Yes,Yes,Yes,Yes,Yes,No,No,No,No,No,No,No,Yes,No,No,No,No,No,No,2
828242950,Yes,Yes,Yes,Yes,Yes,Yes,No,No,No,No,No,No,No,Yes,No,No,No,No,No,Yes,3
828305055,Yes,No,,Yes,Yes,Yes,No,Yes,No,No,No,No,No,No,No,No,No,Yes,No,Yes,2
828282979,Yes,Yes,No,No,Yes,Yes,No,No,No,No,No,No,No,No,No,No,No,No,No,No,2
828402671,Yes,Yes,Yes,Yes,Yes,Yes,No,No,No,No,No,No,No,Yes,No,No,No,No,No,Yes,2
828358566,Yes,Yes,Yes,Yes,Yes,Yes,No,No,No,No,No,No,No,Yes,No,No,No,No,No,No,3
828065028,Yes,Yes,Yes,Yes,Yes,Yes,No,No,No,No,No,No,No,No,Yes,No,No,Yes,Yes,Yes,2
828454646,Yes,No,,Yes,Yes,Yes,No,No,No,No,No,No,No,Yes,No,No,No,Yes,Yes,No,2
828106067,Yes,Yes,Yes,Yes,No,Yes,No,No,No,No,No,No,No,No,No,No,No,No,No,No,2
828114136,Yes,Yes,No,Yes,Yes,Yes,No,No,No,No,No,No,No,No,No,No,No,No,No,No,3
828132420,Yes,No,,Yes,Yes,Yes,No,No,No,No,No,No,No,Yes,No,Yes,No,No,No,No,3
828306662,Yes,Yes,Yes,Yes,Yes,Yes,No,No,No,No,No,No,No,Yes,No,No,Yes,No,No,No,2
828301440,Yes,No,,Yes,Yes,Yes,No,No,No,No,No,No,No,Yes,No,No,No,No,No,Yes,3
828094711,Yes,Yes,Yes,Yes,Yes,Yes,No,No,No,No,No,No,No,Yes,No,No,No,No,No,No,2
828243634,Yes,Yes,Yes,Yes,Yes,Yes,No,No,No,No,No,No,No,Yes,No,No,No,No,No,No,3
828213969,Yes,No,,Yes,Yes,Yes,No,No,No,No,No,No,No,Yes,No,No,No,No,No,No,3
828510399,Yes,Yes,Yes,Yes,Yes,Yes,No,No,No,No,No,No,No,Yes,No,No,No,No,No,Yes,3
828128273,Yes,Yes,Yes,Yes,Yes,Yes,No,No,No,No,No,No,No,Yes,No,No,No,No,No,No,2
828301296,Yes,Yes,Yes,Yes,Yes,Yes,No,No,No,No,No,No,No,Yes,No,No,No,No,No,Yes,3
828353056,Yes,Yes,Yes,Yes,Yes,Yes,No,No,No,No,No,No,No,Yes,No,No,No,No,No,No,2
828061416,Yes,Yes,Yes,Yes,Yes,Yes,No,No,No,No,No,No,No,Yes,Yes,No,No,No,No,No,2
828037427,Yes,Yes,Yes,Yes,Yes,Yes,No,No,No,No,No,No,No,Yes,No,No,No,No,No,No,3
828144715,Yes,No,,Yes,Yes,Yes,No,No,No,No,No,No,Yes,No,No,No,No,No,No,No,2
828088767,Yes,Yes,Yes,Yes,Yes,Yes,No,No,No,No,No,No,No,Yes,No,No,No,No,No,Yes,2
828549297,Yes,Yes,Yes,Yes,Yes,Yes,No,No,No,No,No,No,No,Yes,No,No,No,No,No,Yes,3
828180686,Yes,No,,Yes,Yes,Yes,No,No,No,No,No,No,No,Yes,No,No,No,No,No,Yes,3
828516282,Yes,No,,Yes,Yes,Yes,No,No,No,No,No,No,No,No,No,Yes,No,Yes,No,No,3
828078842,Yes,Yes,Yes,Yes,Yes,Yes,No,No,No,No,No,No,No,Yes,No,No,No,No,No,Yes,2
828326967,Yes,Yes,Yes,Yes,Yes,Yes,No,No,No,No,No,No,No,Yes,No,No,No,Yes,Yes,Yes,3
828284459,Yes,Yes,Yes,Yes,Yes,Yes,No,No,No,No,No,No,No,Yes,No,Yes,No,No,No,No,2
828235341,Yes,No,,Yes,Yes,Yes,No,No,No,No,No,No,No,Yes,No,No,No,No,No,Yes,3
828576630,Yes,Yes,Yes,Yes,Yes,Yes,No,No,No,No,No,No,No,Yes,No,No,No,No,No,Yes,2
828081806,Yes,Yes,Yes,Yes,Yes,Yes,No,No,No,No,No,No,No,Yes,No,No,No,No,No,Yes,3
828235611,Yes,Yes,Yes,Yes,Yes,Yes,No,No,No,No,No,No,No,Yes,No,No,No,No,No,No,2
828538166,Yes,Yes,Yes,Yes,Yes,Yes,No,No,No,No,No,No,No,Yes,No,No,No,No,No,No,2
828286562,Yes,Yes,Yes,Yes,Yes,Yes,No,No,No,No,No,No,No,Yes,Yes,No,No,No,No,No,3
828274087,Yes,Yes,Yes,Yes,Yes,Yes,No,No,No,No,No,No,No,Yes,No,No,No,No,No,Yes,2
828166565,Yes,Yes,Yes,Yes,Yes,Yes,No,No,No,No,No,No,No,Yes,No,No,No,Yes,Yes,No,3
828473223,Yes,Yes,Yes,Yes,Yes,Yes,No,No,No,No,No,No,No,Yes,Yes,No,No,No,No,No,3
828393308,Yes,No,,Yes,Yes,Yes,No,No,No,No,No,No,No,Yes,No,No,No,Yes,No,Yes,3
828538106,No,Yes,Yes,Yes,Yes,Yes,No,No,No,No,No,No,No,No,No,No,No,Yes,Yes,No,2
828265523,No,No,,No,No,Yes,No,No,No,No,No,No,No,No,No,No,Yes,No,No,Yes,2
828080659,Yes,No,,Yes,Yes,Yes,No,No,No,No,No,No,No,Yes,No,No,No,No,No,No,2
828100369,Yes,Yes,Yes,Yes,No,Yes,No,No,No,No,No,No,No,No,No,No,No,No,No,No,3
828411391,Yes,Yes,Yes,Yes,Yes,Yes,No,No,No,No,No,No,No,Yes,No,No,No,No,No,No,2
828413234,Yes,Yes,Yes,Yes,Yes,Yes,No,No,No,No,No,No,No,Yes,No,Yes,No,No,No,No,3
828116424,Yes,Yes,Yes,Yes,Yes,Yes,No,No,No,No,No,No,No,Yes,No,Yes,No,No,No,No,2
828140551,Yes,No,,Yes,Yes,Yes,No,No,No,No,No,No,No,Yes,Yes,Yes,No,No,No,No,3
828494871,No,No,,No,Yes,Yes,No,No,No,No,No,No,No,No,No,No,No,No,No,No,2
828111657,Yes,Yes,Yes,Yes,Yes,Yes,No,No,No,No,No,No,No,Yes,No,No,No,No,No,Yes,3
828097855,Yes,Yes,Yes,Yes,Yes,Yes,No,No,No,No,No,No,No,No,Yes,No,No,No,No,No,3
828325064,Yes,No,,No,Yes,Yes,No,No,No,No,No,No,No,No,No,No,No,Yes,Yes,Yes,3
828398942,Yes,Yes,Yes,Yes,Yes,Yes,No,No,No,No,No,No,No,Yes,No,No,No,No,No,No,3
828123271,Yes,No,,Yes,Yes,Yes,No,No,No,No,No,No,No,Yes,No,No,No,No,No,No,2
828127693,Yes,No,,Yes,Yes,Yes,No,No,No,No,No,No,No,Yes,No,No,No,No,No,Yes,2
828077614,Yes,Yes,Yes,Yes,Yes,Yes,No,No,No,No,No,No,No,Yes,No,No,No,No,No,No,2
828094134,Yes,Yes,Yes,Yes,Yes,Yes,No,No,No,No,No,No,No,Yes,Yes,No,No,Yes,No,No,2
828039479,Yes,Yes,Yes,Yes,Yes,Yes,No,No,No,No,No,No,No,Yes,No,No,No,Yes,Yes,No,3
828457266,Yes,No,,Yes,Yes,Yes,No,No,No,No,No,No,No,No,Yes,No,No,No,No,No,4
828519760,Yes,Yes,Yes,Yes,Yes,Yes,No,No,No,No,No,No,No,Yes,No,No,Yes,Yes,Yes,Yes,2
828164492,Yes,No,,Yes,Yes,Yes,No,No,No,No,No,No,No,Yes,No,No,Yes,Yes,Yes,Yes,3
828053453,Yes,Yes,Yes,Yes,Yes,Yes,No,No,No,No,No,No,No,No,Yes,No,No,No,No,Yes,3
828518714,Yes,No,,Yes,Yes,Yes,No,No,No,No,No,No,No,Yes,No,No,No,No,No,No,3
828112628,Yes,Yes,Yes,Yes,No,Yes,No,No,No,No,No,No,No,No,No,No,No,No,No,No,2
828045737,Yes,No,,Yes,Yes,Yes,No,No,No,No,No,No,No,Yes,No,No,No,No,No,Yes,3
828100352,Yes,Yes,Yes,Yes,Yes,Yes,No,No,No,No,No,No,No,Yes,No,No,No,No,No,No,3
828085258,Yes,No,,Yes,Yes,Yes,No,No,No,No,No,No,No,Yes,No,No,No,Yes,No,Yes,2
828514893,Yes,Yes,Yes,Yes,Yes,Yes,Yes,Yes,Yes,Yes,Yes,Yes,Yes,Yes,Yes,Yes,Yes,Yes,Yes,Yes,2
828515551,Yes,Yes,Yes,Yes,Yes,Yes,Yes,Yes,Yes,Yes,Yes,Yes,Yes,Yes,Yes,Yes,Yes,Yes,Yes,Yes,2
828510799,Yes,Yes,Yes,Yes,Yes,Yes,No,No,No,No,No,No,No,Yes,Yes,No,No,No,No,No,3
828273172,Yes,No,,No,No,Yes,No,No,No,No,No,No,No,No,No,No,No,No,No,Yes,2
828207643,Yes,No,,Yes,Yes,Yes,No,No,No,No,No,No,No,Yes,No,No,No,No,No,Yes,2
828414341,Yes,No,,Yes,Yes,Yes,No,No,No,No,No,No,No,No,Yes,No,No,Yes,No,Yes,2
828260158,No,No,,Yes,No,Yes,No,No,No,No,No,No,No,No,No,No,No,No,No,No,4
828251757,Yes,No,,Yes,Yes,Yes,No,No,No,No,No,No,No,No,Yes,No,No,No,No,Yes,2
828240485,Yes,Yes,Yes,Yes,Yes,Yes,No,No,No,No,No,No,No,Yes,No,No,No,No,No,No,2
828192010,No,No,,Yes,No,Yes,No,No,No,No,No,No,No,No,No,No,No,No,No,No,2
828266243,Yes,No,,Yes,Yes,Yes,No,No,No,No,No,No,No,Yes,No,No,No,No,No,No,3
828277968,Yes,Yes,Yes,Yes,Yes,Yes,No,No,No,No,No,No,No,Yes,No,No,No,No,No,No,3
828033395,Yes,Yes,Yes,Yes,Yes,Yes,No,No,No,No,No,No,No,Yes,No,No,No,No,No,No,2
828085194,Yes,Yes,Yes,Yes,Yes,Yes,No,No,No,No,No,No,No,Yes,No,No,No,No,No,No,2
828193888,Yes,Yes,Yes,Yes,Yes,Yes,No,No,No,No,No,No,No,Yes,No,No,No,No,No,No,2
828252755,Yes,No,,Yes,Yes,Yes,No,No,No,No,No,No,No,Yes,No,No,No,No,No,No,3
828119658,Yes,No,,Yes,Yes,Yes,No,No,No,No,No,No,No,Yes,No,No,No,No,No,Yes,2
828114110,Yes,Yes,Yes,Yes,Yes,Yes,No,No,No,No,No,No,No,Yes,No,No,No,No,No,No,2
828141540,Yes,Yes,Yes,Yes,Yes,Yes,No,No,No,No,No,No,No,No,Yes,No,No,Yes,No,No,2
828058313,Yes,No,,Yes,Yes,Yes,No,No,No,No,No,No,No,Yes,No,No,No,No,No,Yes,2
828461574,No,No,,No,Yes,Yes,No,No,No,No,No,No,No,No,No,No,No,No,No,Yes,2
828490471,Yes,Yes,Yes,Yes,Yes,Yes,No,No,No,No,No,No,No,No,No,No,Yes,No,No,Yes,2
828531395,Yes,Yes,Yes,Yes,Yes,Yes,No,No,No,No,No,No,No,No,No,No,Yes,No,No,Yes,2
828614739,Yes,Yes,Yes,Yes,Yes,Yes,No,No,No,No,No,No,No,Yes,No,No,Yes,No,No,Yes,2
828047327,Yes,Yes,Yes,Yes,Yes,Yes,No,No,No,No,No,No,No,Yes,No,No,No,No,No,No,3
828057502,Yes,Yes,Yes,Yes,Yes,Yes,No,No,No,No,No,No,No,Yes,No,No,No,No,No,No,3
828461556,Yes,Yes,Yes,Yes,Yes,Yes,No,No,No,No,No,No,No,Yes,No,No,No,No,No,No,3
828423002,Yes,No,,Yes,Yes,Yes,No,Yes,No,No,No,No,No,Yes,No,No,No,No,No,Yes,3
828108986,Yes,Yes,Yes,Yes,Yes,Yes,No,No,No,No,No,No,No,Yes,No,No,No,No,No,No,2
828046435,Yes,Yes,Yes,Yes,Yes,Yes,No,No,No,No,No,No,No,Yes,No,No,No,No,No,Yes,2
828128128,Yes,Yes,Yes,Yes,Yes,Yes,No,No,No,No,No,No,No,Yes,No,No,No,No,No,No,3
828256821,Yes,No,,Yes,Yes,Yes,No,No,No,No,No,No,No,Yes,No,No,No,No,No,No,2
828210854,Yes,No,,No,Yes,Yes,No,No,No,No,No,No,No,No,No,No,No,No,No,No,2
828425626,Yes,No,,Yes,Yes,Yes,No,No,No,No,No,No,No,Yes,No,No,No,No,No,Yes,3
828531049,Yes,Yes,Yes,Yes,Yes,Yes,No,No,No,No,No,No,No,Yes,No,No,Yes,Yes,No,Yes,2
828069234,Yes,No,,Yes,Yes,Yes,No,No,No,No,No,No,No,Yes,No,No,No,No,No,No,2
828517565,Yes,Yes,No,No,Yes,Yes,No,No,No,No,No,No,No,No,No,No,No,No,No,No,3
828102681,Yes,Yes,Yes,Yes,Yes,Yes,No,No,No,No,No,No,No,Yes,No,No,No,No,No,Yes,3
828326793,Yes,Yes,Yes,Yes,Yes,Yes,No,No,No,No,No,No,No,Yes,No,No,No,No,No,No,3
828324172,Yes,No,,Yes,Yes,Yes,No,No,No,No,No,No,No,Yes,No,No,No,No,No,Yes,2
828443178,Yes,No,,Yes,Yes,Yes,No,No,No,No,No,No,No,Yes,No,No,No,Yes,No,Yes,3
828233854,Yes,No,,Yes,Yes,Yes,Yes,No,No,No,No,No,No,No,No,No,No,No,No,No,2
828127540,Yes,Yes,Yes,Yes,Yes,Yes,No,No,No,No,No,No,No,Yes,No,No,No,No,No,No,2
828126938,Yes,Yes,Yes,Yes,Yes,Yes,No,Yes,No,No,No,No,No,No,No,No,No,No,No,No,2
828457313,Yes,Yes,Yes,Yes,Yes,Yes,No,No,No,No,No,No,No,Yes,No,No,No,No,No,No,2
828243508,Yes,No,,Yes,Yes,Yes,No,Yes,No,No,No,No,No,No,No,No,No,No,No,Yes,2
828225577,Yes,Yes,Yes,Yes,Yes,Yes,No,No,No,No,No,No,No,Yes,No,No,No,Yes,Yes,No,2
828399810,Yes,Yes,Yes,Yes,Yes,Yes,No,No,No,No,No,No,No,Yes,No,No,No,No,No,No,3
828177594,Yes,No,,Yes,Yes,Yes,No,No,No,No,No,No,No,Yes,No,No,No,No,No,No,3
828411412,Yes,Yes,Yes,Yes,Yes,Yes,No,No,No,No,No,No,No,Yes,No,No,No,No,No,Yes,3
828207551,Yes,Yes,Yes,Yes,Yes,Yes,No,No,No,No,No,No,No,Yes,No,No,No,No,No,No,3
828050876,Yes,No,,Yes,Yes,Yes,No,No,No,No,No,No,No,Yes,No,No,No,No,No,No,2
828355655,Yes,No,,No,No,Yes,No,No,No,No,No,No,No,No,No,No,No,No,No,No,2
828480792,Yes,Yes,Yes,Yes,Yes,Yes,No,No,No,No,No,No,No,Yes,No,No,No,No,No,No,2
828183704,Yes,Yes,Yes,Yes,Yes,Yes,No,No,No,No,No,No,No,Yes,No,No,No,No,No,No,3
828044315,Yes,Yes,Yes,Yes,Yes,Yes,No,No,No,No,No,No,No,No,Yes,No,No,No,No,No,3
828415796,Yes,Yes,Yes,Yes,Yes,Yes,Yes,No,No,No,No,No,No,No,No,No,No,No,No,No,3
828239784,Yes,Yes,Yes,Yes,Yes,Yes,No,No,No,No,No,No,No,Yes,No,No,No,No,No,No,2
828340562,Yes,Yes,Yes,Yes,Yes,Yes,No,No,No,No,No,No,No,Yes,No,No,No,No,No,Yes,2
828032076,Yes,Yes,Yes,Yes,Yes,Yes,No,No,No,No,No,No,No,Yes,No,No,No,No,No,No,3
828300773,Yes,Yes,Yes,Yes,Yes,Yes,No,No,No,No,No,No,No,Yes,No,No,No,Yes,No,No,3
828145969,Yes,Yes,Yes,Yes,Yes,Yes,No,No,No,No,No,No,No,No,Yes,No,No,No,No,No,3
828531192,Yes,Yes,Yes,Yes,Yes,Yes,No,No,No,No,No,No,No,Yes,Yes,No,No,No,No,Yes,2
828276299,Yes,No,,Yes,Yes,Yes,No,No,No,No,No,No,No,Yes,No,No,No,No,No,No,3
828046471,Yes,No,,Yes,Yes,Yes,No,No,No,No,No,No,No,Yes,No,No,No,No,No,Yes,2
828600763,Yes,Yes,Yes,Yes,Yes,Yes,No,No,No,No,No,No,No,Yes,No,No,No,No,No,Yes,3
828438296,Yes,Yes,Yes,Yes,Yes,Yes,No,No,No,No,No,No,No,Yes,No,No,No,No,No,No,2
828236948,Yes,Yes,Yes,Yes,Yes,Yes,No,No,No,No,No,No,No,Yes,No,No,No,No,No,No,3
828371898,Yes,No,,No,No,Yes,No,No,No,No,No,No,No,No,No,No,No,No,No,No,2
828068351,Yes,Yes,Yes,Yes,Yes,Yes,No,No,No,No,No,No,No,Yes,Yes,Yes,No,No,No,Yes,3
828361982,Yes,No,,Yes,Yes,Yes,Yes,No,No,No,No,No,No,No,No,No,No,Yes,Yes,No,2
828578374,Yes,No,,Yes,Yes,Yes,No,No,No,No,No,No,No,Yes,No,No,No,No,No,Yes,3
828042637,Yes,Yes,Yes,Yes,Yes,Yes,No,No,No,No,No,No,No,Yes,No,No,No,No,No,No,3
828134329,Yes,Yes,Yes,Yes,Yes,Yes,No,No,No,No,No,No,No,Yes,No,No,No,No,No,No,2
828508821,Yes,Yes,Yes,Yes,Yes,Yes,No,No,No,No,No,No,No,Yes,No,No,No,Yes,Yes,Yes,3
828405983,Yes,Yes,No,No,No,Yes,No,No,No,No,No,No,No,No,No,No,No,No,No,No,2
828052741,Yes,No,,Yes,Yes,Yes,No,No,No,No,No,No,No,Yes,No,No,No,No,No,Yes,2
828394140,Yes,Yes,Yes,Yes,Yes,Yes,No,No,No,No,No,No,No,Yes,No,No,No,No,No,No,2
828490328,Yes,Yes,Yes,Yes,Yes,Yes,No,No,No,No,No,No,No,Yes,No,Yes,Yes,No,No,No,3
828125604,Yes,Yes,Yes,Yes,Yes,Yes,No,No,No,No,No,No,No,No,No,No,No,No,No,No,3
828269949,Yes,Yes,Yes,Yes,Yes,Yes,No,No,No,No,No,No,No,Yes,No,No,No,No,No,No,3
828411723,Yes,Yes,Yes,Yes,Yes,Yes,No,No,No,No,No,No,No,Yes,No,No,No,Yes,No,No,3
828064421,Yes,No,,Yes,Yes,Yes,No,No,No,No,No,No,No,Yes,No,No,No,Yes,Yes,No,3
828203751,Yes,Yes,Yes,Yes,Yes,Yes,No,No,No,No,No,No,No,Yes,No,No,Yes,No,No,Yes,3
828482263,Yes,Yes,Yes,Yes,Yes,Yes,No,No,No,No,No,No,No,Yes,No,No,No,No,No,No,2
828128675,Yes,Yes,Yes,Yes,Yes,Yes,No,No,No,No,No,No,No,Yes,No,No,No,No,No,No,2
828039727,Yes,Yes,Yes,Yes,Yes,Yes,No,No,No,No,No,No,No,No,No,No,No,No,No,No,2
828253950,Yes,No,,Yes,Yes,Yes,No,No,No,No,No,No,No,Yes,No,No,No,No,No,No,2
828047357,Yes,Yes,,Yes,Yes,Yes,Yes,No,No,No,No,No,No,No,No,No,No,No,No,No,2
828085911,Yes,Yes,Yes,Yes,Yes,Yes,No,No,No,No,No,No,No,Yes,No,No,No,No,No,No,3
828243212,Yes,Yes,Yes,Yes,Yes,Yes,No,No,No,No,No,No,No,Yes,Yes,No,No,No,No,No,3
828127630,Yes,No,,No,Yes,Yes,No,No,No,No,No,No,No,No,No,No,No,Yes,No,Yes,3
828380381,Yes,Yes,Yes,Yes,Yes,Yes,No,No,No,No,No,No,No,Yes,No,No,No,No,No,No,2
828209697,Yes,No,,Yes,Yes,Yes,No,No,No,No,No,No,No,Yes,No,No,No,No,No,No,3
828100939,Yes,Yes,Yes,Yes,Yes,Yes,No,No,No,No,No,No,No,Yes,No,No,No,Yes,No,No,3
828288824,Yes,Yes,Yes,Yes,Yes,Yes,No,No,No,No,No,No,No,Yes,No,No,Yes,Yes,No,Yes,3
828038077,Yes,Yes,Yes,Yes,Yes,Yes,No,No,No,No,No,No,No,Yes,No,Yes,Yes,Yes,Yes,Yes,3
828526097,Yes,Yes,Yes,Yes,Yes,Yes,No,No,No,No,No,No,No,Yes,No,Yes,No,No,No,No,3
828082894,Yes,Yes,Yes,Yes,Yes,Yes,No,No,No,No,No,No,No,Yes,No,No,No,Yes,Yes,Yes,3
828254598,Yes,Yes,Yes,Yes,Yes,Yes,No,No,No,No,No,No,No,Yes,No,No,No,No,No,No,3
828541514,Yes,Yes,Yes,Yes,Yes,Yes,No,No,No,No,No,No,No,Yes,Yes,No,No,Yes,Yes,Yes,3
828306937,Yes,No,,Yes,Yes,Yes,No,No,No,No,No,No,No,Yes,No,No,Yes,No,No,No,2
828381410,Yes,No,,Yes,Yes,Yes,No,Yes,No,No,No,No,No,No,No,No,No,No,No,Yes,3
828129774,Yes,No,,Yes,Yes,Yes,No,No,No,No,No,No,No,Yes,No,No,Yes,No,No,Yes,3
828303560,Yes,Yes,Yes,Yes,Yes,Yes,No,No,No,No,No,No,No,No,No,Yes,No,Yes,No,Yes,3
828292789,Yes,Yes,Yes,Yes,Yes,Yes,No,No,No,No,No,No,No,Yes,No,No,No,No,No,No,2
828559539,Yes,No,,Yes,Yes,Yes,No,Yes,No,No,No,No,No,Yes,No,No,No,No,No,No,3
828302965,Yes,No,,Yes,Yes,Yes,No,No,No,No,No,No,No,Yes,No,Yes,No,No,No,Yes,2
828167682,Yes,Yes,Yes,Yes,Yes,Yes,No,No,No,No,No,No,No,Yes,No,No,No,Yes,No,No,3
828195272,Yes,No,,Yes,Yes,Yes,No,No,No,No,No,No,No,Yes,No,Yes,No,No,No,No,2
828180194,Yes,No,,Yes,Yes,Yes,No,No,No,No,No,No,No,No,Yes,No,No,Yes,Yes,Yes,2
828179213,Yes,Yes,Yes,Yes,Yes,Yes,Yes,Yes,Yes,Yes,No,No,No,No,No,No,No,Yes,Yes,Yes,2
828569668,Yes,Yes,Yes,Yes,Yes,Yes,No,No,No,No,No,No,No,Yes,No,No,No,No,No,Yes,3
828436770,Yes,No,,Yes,Yes,Yes,No,No,No,No,No,No,No,Yes,No,No,No,No,No,No,2
828236995,Yes,Yes,Yes,Yes,Yes,Yes,No,No,No,No,No,No,No,Yes,No,No,No,No,No,No,2
828337093,Yes,No,,Yes,Yes,Yes,No,No,No,No,No,No,No,No,Yes,No,No,No,No,No,3
828191186,Yes,Yes,Yes,Yes,Yes,Yes,No,No,No,No,No,No,No,Yes,No,No,No,No,No,No,3
828554223,Yes,Yes,Yes,Yes,Yes,Yes,No,No,No,No,No,No,No,Yes,No,No,No,No,No,Yes,2
828738210,Yes,Yes,Yes,Yes,Yes,Yes,No,No,No,No,No,No,No,Yes,No,No,No,No,No,Yes,2
828414454,Yes,No,,Yes,No,Yes,No,No,No,No,No,No,No,No,No,No,No,No,No,Yes,2
828440942,Yes,Yes,Yes,Yes,Yes,Yes,No,No,No,No,No,No,No,Yes,No,No,No,No,No,No,2
828109599,Yes,Yes,Yes,Yes,Yes,Yes,No,No,No,No,No,No,No,Yes,No,No,No,No,No,No,2
828196517,Yes,Yes,Yes,Yes,Yes,Yes,No,No,No,No,No,No,No,Yes,No,No,No,No,No,Yes,3
828123131,Yes,Yes,Yes,Yes,Yes,Yes,No,No,No,No,No,No,No,Yes,No,No,No,No,No,No,3
828260713,Yes,Yes,Yes,Yes,Yes,Yes,No,No,No,No,No,No,No,Yes,No,No,No,No,No,No,2
828114619,Yes,Yes,Yes,Yes,Yes,Yes,No,No,No,No,No,No,No,Yes,No,No,No,No,No,No,3
828137487,Yes,Yes,Yes,Yes,Yes,Yes,No,No,No,No,No,No,No,Yes,No,No,No,No,No,No,2
828241707,Yes,Yes,Yes,Yes,Yes,Yes,No,No,No,No,No,No,No,Yes,No,No,No,No,No,No,3
828057420,Yes,Yes,Yes,Yes,Yes,Yes,No,No,No,No,No,No,No,Yes,No,No,Yes,No,No,Yes,2
828042529,Yes,No,,Yes,Yes,Yes,No,No,No,No,No,No,No,Yes,No,No,No,Yes,No,No,2
828191523,Yes,Yes,Yes,Yes,Yes,Yes,No,No,No,No,No,No,No,Yes,No,No,No,No,No,No,3
828134592,Yes,No,,Yes,Yes,Yes,No,No,No,No,No,No,No,Yes,No,No,No,No,Yes,Yes,2
828537304,Yes,Yes,Yes,Yes,Yes,Yes,No,No,No,No,No,No,No,Yes,Yes,No,No,No,No,No,3
828506658,Yes,No,,Yes,Yes,Yes,No,No,No,No,No,No,No,No,Yes,No,Yes,Yes,Yes,Yes,3
828398054,Yes,No,,Yes,Yes,Yes,No,No,No,No,No,No,No,Yes,No,No,No,Yes,No,Yes,3
828444898,Yes,No,,Yes,Yes,Yes,No,No,No,No,No,No,No,Yes,No,No,No,No,No,No,3
828048638,Yes,No,,Yes,Yes,Yes,No,No,No,No,No,No,No,Yes,No,No,No,No,No,No,2
828050932,Yes,No,,Yes,Yes,Yes,No,No,No,No,No,No,No,Yes,No,No,No,No,No,Yes,2
828590535,Yes,Yes,Yes,Yes,Yes,Yes,No,No,No,No,No,No,No,Yes,No,No,No,No,No,No,3
828460936,Yes,No,,Yes,Yes,Yes,No,No,No,No,No,No,No,No,No,Yes,Yes,Yes,Yes,Yes,2
828063874,Yes,No,,Yes,Yes,Yes,No,No,No,No,No,No,No,No,Yes,No,No,No,No,No,2
828370648,Yes,Yes,Yes,Yes,Yes,Yes,No,No,No,No,No,No,No,Yes,No,No,No,Yes,Yes,No,3
828163747,Yes,No,,Yes,Yes,Yes,No,No,No,No,No,No,No,Yes,No,No,No,No,No,No,3
828598968,Yes,Yes,Yes,Yes,Yes,Yes,No,No,No,No,No,No,No,Yes,Yes,No,No,Yes,No,No,2
828315223,Yes,Yes,Yes,Yes,Yes,Yes,No,No,No,No,No,No,No,Yes,No,No,No,No,No,No,2
828104354,Yes,No,,Yes,Yes,Yes,No,No,No,No,No,No,No,Yes,No,No,Yes,No,No,Yes,3
828368322,Yes,Yes,Yes,Yes,Yes,Yes,No,No,No,No,No,No,No,Yes,No,No,No,No,No,No,2
828057579,Yes,Yes,Yes,Yes,Yes,Yes,No,No,No,No,No,No,No,Yes,No,No,No,Yes,Yes,No,2
828481516,Yes,Yes,Yes,Yes,Yes,Yes,No,No,No,No,No,No,No,Yes,No,No,No,No,No,No,3
828380479,Yes,No,,Yes,Yes,Yes,No,No,No,No,No,No,No,Yes,No,No,No,No,No,Yes,2
828059219,Yes,No,,Yes,Yes,Yes,No,No,No,No,No,No,No,Yes,No,No,No,No,No,No,2
828302338,Yes,Yes,Yes,Yes,Yes,Yes,No,No,No,No,No,No,No,Yes,No,No,Yes,Yes,Yes,Yes,2
828575995,Yes,Yes,Yes,Yes,Yes,Yes,No,No,No,No,No,No,No,Yes,No,No,No,Yes,No,No,2
828445766,Yes,No,,Yes,Yes,Yes,No,No,No,No,No,No,No,Yes,No,No,No,No,No,Yes,3
828080883,Yes,Yes,Yes,Yes,Yes,Yes,No,No,No,No,No,No,No,Yes,No,No,No,No,No,No,2
828243538,Yes,Yes,Yes,Yes,Yes,Yes,No,No,No,No,No,No,No,Yes,No,No,No,No,No,No,2
828329918,Yes,No,,Yes,Yes,Yes,No,No,No,No,No,No,No,Yes,No,No,No,No,No,No,2
828297037,Yes,Yes,Yes,Yes,Yes,Yes,No,No,No,No,No,No,No,Yes,No,No,No,No,No,No,2
828456523,Yes,Yes,Yes,Yes,Yes,Yes,No,No,No,No,No,No,No,Yes,No,No,No,Yes,Yes,Yes,3
828540305,Yes,Yes,Yes,Yes,Yes,Yes,No,No,No,No,No,No,No,Yes,No,No,No,No,No,No,3
828402770,Yes,No,,Yes,Yes,Yes,No,No,No,No,No,No,No,Yes,No,No,No,No,No,Yes,3
828242063,Yes,Yes,Yes,Yes,Yes,Yes,No,No,No,No,No,No,No,Yes,No,No,No,Yes,Yes,Yes,2
828359464,Yes,Yes,Yes,Yes,Yes,Yes,No,No,No,No,No,No,No,Yes,No,No,Yes,Yes,Yes,Yes,3
828079861,Yes,No,,Yes,Yes,Yes,No,No,No,No,No,No,No,Yes,No,No,No,No,No,Yes,3
828413573,Yes,Yes,Yes,Yes,Yes,Yes,No,No,No,No,No,No,No,Yes,No,No,No,No,No,Yes,3
828109441,Yes,Yes,Yes,Yes,Yes,Yes,No,No,No,No,No,No,No,Yes,No,No,No,No,No,No,2
828174169,Yes,No,,Yes,No,Yes,No,No,No,No,No,No,No,No,No,No,Yes,No,No,No,2
828355216,Yes,Yes,No,Yes,Yes,Yes,No,No,No,No,No,No,No,No,No,No,No,No,No,No,2
828514919,Yes,Yes,Yes,Yes,Yes,Yes,Yes,Yes,Yes,Yes,Yes,Yes,Yes,Yes,Yes,Yes,Yes,Yes,Yes,Yes,2
828608887,Yes,Yes,Yes,Yes,Yes,Yes,No,No,No,No,No,No,No,Yes,No,No,No,No,No,No,2
828265894,Yes,Yes,Yes,Yes,Yes,Yes,No,No,No,No,No,No,No,Yes,No,No,No,Yes,Yes,Yes,2
828334413,Yes,Yes,Yes,Yes,Yes,Yes,No,No,Yes,No,No,No,No,No,No,No,No,No,No,No,2
828032764,Yes,Yes,Yes,Yes,Yes,Yes,No,No,No,No,No,No,No,Yes,No,No,No,No,No,No,2
828502411,Yes,No,,Yes,Yes,Yes,No,No,No,No,No,No,No,No,No,Yes,No,Yes,Yes,Yes,2
828076531,Yes,Yes,Yes,Yes,Yes,Yes,No,No,No,No,No,No,No,Yes,No,No,No,No,No,No,2
828300282,Yes,Yes,Yes,Yes,Yes,Yes,No,No,No,No,No,No,No,Yes,No,No,No,No,No,No,2
828247634,Yes,Yes,Yes,Yes,Yes,Yes,No,No,No,No,No,No,No,Yes,Yes,No,No,No,No,No,3
828095049,Yes,Yes,Yes,Yes,Yes,Yes,No,No,No,No,No,No,No,No,No,Yes,No,No,No,Yes,2
828336298,Yes,No,,Yes,Yes,Yes,No,No,No,No,No,No,No,No,Yes,No,No,No,No,No,3
828123902,Yes,No,,Yes,Yes,Yes,No,No,No,No,No,No,No,No,Yes,No,No,No,No,No,3
828544975,Yes,Yes,Yes,Yes,Yes,Yes,No,No,No,No,No,No,No,Yes,No,No,No,Yes,Yes,Yes,2
828385593,Yes,Yes,Yes,Yes,Yes,Yes,No,No,No,No,No,No,No,Yes,No,No,No,No,No,No,3
828539490,Yes,Yes,Yes,Yes,Yes,Yes,No,No,No,No,No,No,No,Yes,No,No,No,No,No,No,3
828353149,Yes,Yes,Yes,Yes,Yes,Yes,No,No,No,No,No,No,No,Yes,No,No,No,No,No,No,2
828203917,Yes,No,,Yes,No,Yes,No,No,No,No,No,No,No,No,No,No,No,No,No,No,2
828371811,Yes,Yes,Yes,Yes,Yes,Yes,No,No,No,No,No,No,No,Yes,No,No,No,No,No,Yes,3
828303585,Yes,Yes,Yes,Yes,Yes,Yes,No,No,No,No,No,No,No,Yes,No,No,No,No,No,No,3
828251936,Yes,No,,Yes,Yes,Yes,No,No,No,No,No,No,No,Yes,No,No,No,No,No,Yes,3
828596547,Yes,No,,Yes,No,Yes,No,No,No,No,No,No,No,No,No,No,No,No,No,No,2
828359135,Yes,Yes,Yes,Yes,Yes,Yes,No,No,No,No,No,No,No,Yes,Yes,No,No,No,No,No,3
828504167,Yes,Yes,Yes,No,Yes,Yes,No,No,No,No,No,No,No,No,No,No,No,No,No,Yes,2
828531070,Yes,Yes,Yes,Yes,Yes,Yes,No,No,No,No,No,No,No,Yes,No,No,No,No,No,Yes,2
828391775,Yes,No,,Yes,Yes,Yes,No,Yes,No,No,No,No,No,No,No,No,No,No,No,No,2
828250766,Yes,No,,Yes,Yes,Yes,No,No,No,No,No,No,Yes,No,No,No,No,Yes,Yes,No,3
828349561,Yes,No,,Yes,Yes,Yes,No,No,No,No,No,No,No,Yes,No,No,No,No,No,No,2
828036632,No,No,,Yes,Yes,Yes,No,No,No,No,No,No,No,No,No,No,No,No,No,No,2
828107574,No,No,,Yes,Yes,Yes,No,No,No,No,No,No,No,No,No,No,No,No,No,No,2
828409457,Yes,Yes,Yes,Yes,Yes,Yes,Yes,Yes,No,No,No,No,No,No,No,No,No,No,No,No,2
828224961,Yes,No,,Yes,Yes,Yes,No,Yes,No,No,No,No,No,Yes,No,No,No,No,No,No,3
828402280,Yes,Yes,Yes,Yes,Yes,Yes,No,No,No,No,No,No,No,Yes,No,No,No,No,No,No,2
828238147,Yes,Yes,Yes,Yes,Yes,Yes,No,No,No,No,No,No,No,Yes,Yes,No,No,Yes,Yes,Yes,3
828144878,Yes,Yes,Yes,Yes,Yes,Yes,No,No,No,No,No,No,No,Yes,No,No,No,No,No,Yes,3
828427152,Yes,No,,Yes,Yes,Yes,No,Yes,No,No,No,No,No,No,No,No,No,No,No,No,3
828410322,Yes,Yes,Yes,Yes,Yes,Yes,No,No,No,No,No,No,No,Yes,No,No,No,No,No,No,3
828212533,Yes,No,,Yes,Yes,Yes,No,Yes,No,No,No,No,No,No,No,No,No,No,No,Yes,2
828544291,Yes,No,,Yes,Yes,Yes,No,No,No,No,No,No,No,No,Yes,No,No,No,No,Yes,2
828423353,Yes,Yes,Yes,Yes,Yes,Yes,No,No,No,No,No,No,No,Yes,No,Yes,Yes,Yes,Yes,No,2
828045394,Yes,Yes,Yes,Yes,Yes,Yes,No,No,No,No,No,No,No,Yes,No,No,No,No,No,No,2
828240761,Yes,Yes,Yes,Yes,Yes,Yes,No,No,No,No,No,No,No,Yes,No,No,Yes,No,No,No,2
828504076,Yes,No,,Yes,Yes,Yes,No,No,No,No,No,No,No,Yes,No,No,No,No,No,No,3
828356814,Yes,No,,Yes,Yes,Yes,No,No,No,No,No,No,No,No,Yes,No,No,Yes,No,Yes,3
828060450,Yes,Yes,Yes,Yes,Yes,Yes,No,No,No,No,No,No,No,Yes,No,Yes,No,No,No,Yes,2
828244552,Yes,Yes,Yes,Yes,Yes,Yes,No,No,No,No,No,No,No,Yes,No,No,No,Yes,Yes,No,3
828493476,Yes,Yes,Yes,Yes,Yes,Yes,No,No,No,No,No,No,No,Yes,No,No,No,Yes,No,Yes,2
828187818,Yes,Yes,Yes,Yes,Yes,Yes,No,No,No,No,No,No,No,Yes,No,No,No,No,No,No,2
828601483,Yes,No,,Yes,Yes,Yes,No,No,No,No,No,No,No,Yes,No,No,No,Yes,No,No,2
828203547,Yes,No,,Yes,Yes,Yes,No,No,No,No,No,No,No,Yes,No,No,No,No,No,Yes,2
828406073,Yes,Yes,Yes,Yes,Yes,Yes,No,No,No,No,No,No,No,Yes,No,No,No,No,No,No,2
828541445,Yes,No,,Yes,Yes,Yes,No,No,No,No,No,No,No,Yes,No,No,No,No,No,Yes,2
828127063,Yes,Yes,Yes,Yes,Yes,Yes,No,No,No,No,No,No,No,Yes,No,No,No,No,No,No,3
828295404,Yes,No,,Yes,No,Yes,No,No,No,No,No,No,No,No,No,No,No,No,No,Yes,3
828416731,Yes,Yes,Yes,Yes,Yes,Yes,No,No,No,No,No,No,No,Yes,No,Yes,No,No,No,No,2
828270026,Yes,Yes,Yes,Yes,Yes,Yes,No,No,No,No,No,No,No,Yes,Yes,Yes,No,Yes,Yes,No,2
828454633,Yes,Yes,Yes,Yes,Yes,Yes,No,No,No,No,No,No,No,Yes,No,No,No,No,No,No,3
828435024,Yes,No,,Yes,Yes,Yes,No,No,No,No,No,No,No,Yes,No,No,No,No,No,No,3
828176644,Yes,No,,Yes,Yes,Yes,No,Yes,No,No,No,No,No,No,No,No,No,No,No,No,2
828463570,Yes,Yes,Yes,Yes,Yes,Yes,No,No,No,No,No,No,No,Yes,No,Yes,No,Yes,No,Yes,2
828474576,Yes,No,,Yes,Yes,Yes,No,No,No,No,No,No,No,Yes,No,No,No,No,No,No,2
828385784,Yes,Yes,Yes,Yes,Yes,Yes,No,No,No,No,No,No,No,Yes,No,No,No,No,No,Yes,3
828336008,Yes,Yes,Yes,Yes,Yes,Yes,No,No,No,No,No,No,No,Yes,No,No,No,No,No,No,3
828200511,Yes,No,,Yes,Yes,Yes,No,Yes,No,No,No,No,No,No,No,No,No,No,No,Yes,2
828300923,Yes,Yes,Yes,Yes,Yes,Yes,No,No,No,No,No,No,No,Yes,No,No,No,No,No,No,2
828267550,Yes,Yes,Yes,Yes,Yes,Yes,No,No,No,No,No,No,No,Yes,No,No,No,No,No,Yes,3
828351393,Yes,No,,Yes,Yes,Yes,No,No,No,No,No,No,No,Yes,No,No,No,No,No,No,3
828053359,Yes,Yes,Yes,Yes,Yes,Yes,No,No,No,No,No,No,No,Yes,No,No,No,No,No,No,2
828526062,Yes,Yes,Yes,Yes,Yes,Yes,No,No,No,No,No,No,No,Yes,No,No,No,No,No,Yes,3
828319963,Yes,Yes,Yes,Yes,Yes,Yes,No,No,No,No,No,No,No,Yes,No,No,No,Yes,No,Yes,2
828253280,Yes,No,,Yes,Yes,Yes,No,No,No,No,No,No,No,Yes,No,No,No,No,No,Yes,2
828530648,Yes,Yes,Yes,Yes,Yes,Yes,No,No,No,No,No,No,No,Yes,No,No,No,No,No,No,3
828044734,Yes,No,,Yes,Yes,Yes,No,No,No,No,No,No,No,Yes,Yes,No,No,No,No,No,3
828185788,Yes,Yes,Yes,Yes,Yes,Yes,No,No,No,No,No,No,No,Yes,No,No,No,No,No,No,2
828240631,Yes,Yes,Yes,Yes,Yes,Yes,No,No,No,No,No,No,No,Yes,Yes,No,No,No,No,No,3
828139220,Yes,Yes,Yes,Yes,Yes,Yes,No,No,No,No,No,No,No,Yes,No,No,No,No,No,No,3
828095470,Yes,No,,No,No,Yes,No,No,No,No,No,No,No,No,No,No,No,Yes,Yes,No,3
828346655,Yes,Yes,No,No,Yes,Yes,No,No,No,No,No,No,No,No,No,No,No,Yes,No,Yes,2
828210470,Yes,Yes,Yes,Yes,Yes,Yes,No,No,No,No,No,No,No,Yes,No,Yes,No,No,No,No,2
828250627,Yes,Yes,No,Yes,No,Yes,No,No,No,No,No,No,No,No,No,No,No,No,No,No,2
828414076,Yes,Yes,Yes,Yes,Yes,Yes,No,No,No,No,No,No,No,Yes,No,No,No,No,No,No,3
828304166,Yes,No,,Yes,Yes,Yes,No,No,No,No,No,No,No,Yes,No,No,No,No,No,Yes,3
828305266,Yes,Yes,Yes,Yes,Yes,Yes,No,No,No,No,No,No,No,Yes,No,No,No,No,No,No,3
828268569,Yes,No,,Yes,Yes,Yes,No,No,No,No,No,No,No,No,Yes,No,No,No,No,No,3
828261270,Yes,No,,Yes,Yes,Yes,No,Yes,No,No,No,No,No,No,No,No,No,Yes,Yes,Yes,3
828243063,Yes,No,,Yes,Yes,Yes,No,No,Yes,No,No,No,No,No,No,No,No,No,No,Yes,2
828243826,Yes,No,,Yes,Yes,Yes,No,No,No,No,No,No,No,Yes,No,No,Yes,Yes,No,Yes,3
828380721,Yes,No,,Yes,Yes,Yes,No,No,No,No,No,No,No,Yes,No,Yes,No,No,No,No,2
828329306,Yes,Yes,Yes,Yes,Yes,Yes,No,No,No,No,No,No,No,Yes,No,No,No,No,No,No,2
828273171,Yes,Yes,Yes,Yes,Yes,Yes,No,No,No,No,No,No,No,Yes,No,No,No,Yes,No,No,3
828116361,Yes,Yes,Yes,Yes,Yes,Yes,No,No,No,No,No,No,No,Yes,No,No,No,No,No,No,2
828238141,Yes,Yes,Yes,Yes,Yes,Yes,No,No,No,No,No,No,No,Yes,No,No,No,No,No,No,3
828324806,Yes,No,,Yes,Yes,Yes,No,Yes,No,No,No,No,No,No,No,No,No,No,No,Yes,4
828299491,Yes,Yes,Yes,Yes,Yes,Yes,No,No,No,No,No,No,No,Yes,No,No,No,No,No,No,2
828055072,Yes,Yes,Yes,Yes,Yes,Yes,No,No,No,No,No,No,No,Yes,No,No,No,Yes,Yes,Yes,2
828329396,Yes,Yes,Yes,Yes,Yes,Yes,No,No,No,No,No,No,No,Yes,No,No,No,Yes,Yes,Yes,3
828294788,Yes,Yes,Yes,Yes,Yes,Yes,No,No,No,No,No,No,No,Yes,Yes,No,No,Yes,Yes,No,4
828342422,Yes,Yes,Yes,Yes,Yes,Yes,No,No,No,No,No,No,No,Yes,No,No,No,Yes,No,No,2
828544243,Yes,No,,Yes,Yes,Yes,No,No,No,No,No,No,No,Yes,Yes,Yes,Yes,Yes,No,Yes,3
828107845,Yes,No,,Yes,Yes,Yes,No,No,No,No,No,No,No,No,No,No,No,No,No,No,2
828523933,Yes,No,,Yes,Yes,Yes,No,No,No,No,No,No,No,No,Yes,No,No,No,No,No,2
828055983,Yes,No,,Yes,Yes,Yes,No,No,No,No,No,No,No,Yes,No,No,No,No,No,No,3
828505601,Yes,No,,Yes,Yes,Yes,No,No,No,No,No,No,No,No,Yes,No,Yes,Yes,Yes,Yes,3
828214343,Yes,Yes,Yes,Yes,Yes,Yes,No,No,No,No,No,No,No,Yes,No,No,No,No,No,No,2
828419935,Yes,Yes,Yes,Yes,Yes,Yes,No,No,No,No,No,No,No,Yes,No,No,No,No,No,No,2
828416816,Yes,Yes,Yes,Yes,Yes,Yes,No,No,No,No,No,No,No,Yes,No,No,No,Yes,No,No,2
828057864,Yes,No,,Yes,Yes,Yes,No,No,No,No,No,No,Yes,No,No,No,No,No,No,No,2
828060396,Yes,No,,Yes,Yes,Yes,No,No,No,No,No,No,No,Yes,No,No,No,Yes,No,Yes,3
828329332,Yes,Yes,Yes,Yes,Yes,Yes,No,No,No,No,No,No,No,Yes,No,No,No,No,No,Yes,3
828411164,Yes,Yes,Yes,Yes,Yes,Yes,No,No,No,No,No,No,No,Yes,No,No,No,No,No,No,2
828066813,Yes,No,,Yes,Yes,Yes,No,Yes,No,No,No,No,No,No,No,No,No,Yes,No,Yes,3
828239599,Yes,Yes,Yes,Yes,Yes,Yes,No,No,No,No,No,No,No,Yes,No,No,No,No,No,No,3
828276550,Yes,No,,Yes,Yes,Yes,No,No,No,No,No,No,No,Yes,No,No,No,No,No,No,2
828527530,Yes,Yes,Yes,Yes,Yes,Yes,No,No,No,No,No,No,No,Yes,No,No,No,Yes,No,No,2
828446010,Yes,Yes,Yes,Yes,Yes,Yes,No,No,No,No,No,No,No,Yes,No,No,No,No,No,No,3
828578139,Yes,No,,Yes,Yes,Yes,No,No,No,No,No,No,No,Yes,No,No,No,Yes,Yes,Yes,3
828191813,Yes,Yes,Yes,Yes,Yes,Yes,No,No,No,No,No,No,No,Yes,No,No,No,No,No,No,3
828326580,Yes,Yes,Yes,Yes,Yes,Yes,No,No,No,No,No,No,No,No,Yes,No,Yes,No,No,Yes,3
828203784,Yes,No,,Yes,Yes,Yes,Yes,No,No,No,No,No,No,No,No,No,Yes,Yes,Yes,Yes,3
828126871,Yes,Yes,Yes,Yes,Yes,Yes,No,No,No,No,No,No,No,Yes,No,No,No,No,No,No,3
828043945,Yes,Yes,Yes,Yes,Yes,Yes,No,No,No,No,No,No,No,Yes,No,Yes,No,No,No,No,3
828100441,Yes,No,,Yes,Yes,Yes,No,No,No,No,No,No,No,No,No,Yes,No,No,No,Yes,3
828261722,Yes,Yes,Yes,Yes,Yes,Yes,No,No,No,No,No,No,No,Yes,Yes,No,No,No,No,No,3
828525518,Yes,No,,Yes,Yes,Yes,No,Yes,No,No,No,No,No,No,No,No,No,No,No,Yes,3
828165881,Yes,No,,Yes,Yes,Yes,No,No,No,No,No,No,No,Yes,No,No,No,No,No,No,2
828182272,Yes,Yes,Yes,No,No,Yes,No,No,No,No,No,No,No,No,No,No,No,No,No,No,2
828115714,Yes,Yes,Yes,Yes,Yes,Yes,No,No,No,No,No,No,No,Yes,No,No,No,No,No,No,2
828169105,Yes,No,,Yes,Yes,Yes,No,No,No,No,No,No,No,Yes,No,No,No,No,No,No,3
828148513,Yes,Yes,Yes,Yes,Yes,Yes,No,No,No,No,No,No,No,Yes,No,No,No,No,No,No,2
828168033,Yes,No,,No,No,Yes,No,No,No,No,No,No,No,No,No,No,No,No,No,No,2
828311955,Yes,Yes,Yes,Yes,Yes,Yes,No,No,No,No,No,No,No,No,Yes,No,No,No,No,No,2
828133886,Yes,Yes,Yes,Yes,Yes,Yes,No,No,No,No,No,No,No,Yes,No,No,No,No,No,No,2
828083677,Yes,No,,Yes,Yes,Yes,No,No,No,No,No,No,No,Yes,No,No,No,No,No,No,3
828457344,Yes,Yes,Yes,Yes,Yes,Yes,No,No,No,No,No,No,No,Yes,No,No,No,No,No,No,2
828240361,Yes,Yes,Yes,Yes,Yes,Yes,No,No,No,No,No,No,No,Yes,No,No,No,No,No,No,3
828328180,Yes,Yes,Yes,Yes,Yes,Yes,No,No,No,No,No,No,No,Yes,No,No,No,No,No,Yes,2
828474377,Yes,No,,Yes,Yes,Yes,No,No,No,No,No,No,No,Yes,No,No,No,No,No,No,3
828264164,Yes,Yes,Yes,Yes,Yes,Yes,No,No,No,No,No,No,No,Yes,No,No,No,No,No,No,3
